user_id,full_name,company_id,job_title,city,industry
U0001,Pat Brown,C0026,Designer,Chicago,Technology
U0002,Alex Smith,C0016,Sales Manager,Vancouver,Education
U0003,Casey Miller,C0099,Data Scientist,Vancouver,Healthcare
U0004,Chris Brown,C0007,Sales Manager,New York,Technology
U0005,Emily Wilson,C0059,Product Manager,Chicago,Healthcare
U0006,Pat Davis,C0052,Sales Manager,Seattle,Finance
U0007,John Taylor,C0089,Software Engineer,Austin,Technology
U0008,Casey Williams,C0068,Software Engineer,Vancouver,Education
U0009,Chris Wilson,C0073,Data Scientist,Vancouver,Retail
U0010,Taylor Smith,C0067,HR Specialist,Austin,Manufacturing
U0011,Taylor Jones,C0045,Product Manager,Austin,Education
U0012,Morgan Smith,C0067,Data Scientist,Toronto,Technology
U0013,Casey Williams,C0064,Software Engineer,Los Angeles,Healthcare
U0014,Morgan Wilson,C0090,Designer,Toronto,Healthcare
U0015,Morgan Williams,C0064,Product Manager,Austin,Finance
U0016,Emily Moore,C0015,Product Manager,San Francisco,Education
U0017,Chris Moore,C0060,Software Engineer,Los Angeles,Finance
U0018,Pat Miller,C0036,Designer,Austin,Healthcare
U0019,Alex Jones,C0080,Sales Manager,San Francisco,Finance
U0020,Jordan Williams,C0046,Software Engineer,Austin,Healthcare
U0021,Jane Brown,C0099,Sales Manager,Vancouver,Technology
U0022,Jane Taylor,C0013,Software Engineer,New York,Technology
U0023,John Smith,C0053,Software Engineer,New York,Education
U0024,Pat Davis,C0007,Sales Manager,Vancouver,Technology
U0025,Alex Taylor,C0076,HR Specialist,Toronto,Manufacturing
U0026,Alex Smith,C0064,Designer,Austin,Finance
U0027,Taylor Davis,C0092,Sales Manager,Seattle,Healthcare
U0028,Taylor Moore,C0019,Product Manager,New York,Technology
U0029,Jane Smith,C0017,Data Scientist,Chicago,Education
U0030,Emily Wilson,C0085,HR Specialist,Chicago,Healthcare
U0031,Morgan Jones,C0047,Sales Manager,Toronto,Finance
U0032,Pat Jones,C0067,Product Manager,Seattle,Education
U0033,Morgan Brown,C0012,Software Engineer,Austin,Technology
U0034,Jordan Wilson,C0018,Sales Manager,Toronto,Finance
U0035,Chris Brown,C0014,Sales Manager,Austin,Healthcare
U0036,Taylor Smith,C0043,Software Engineer,Chicago,Retail
U0037,Alex Moore,C0084,Sales Manager,Chicago,Retail
U0038,Pat Davis,C0026,Designer,New York,Retail
U0039,Alex Smith,C0052,Data Scientist,Toronto,Healthcare
U0040,Pat Moore,C0040,Designer,Los Angeles,Technology
U0041,Jordan Davis,C0010,Data Scientist,San Francisco,Healthcare
U0042,Alex Davis,C0072,HR Specialist,Los Angeles,Retail
U0043,Chris Moore,C0036,Product Manager,Austin,Healthcare
U0044,John Johnson,C0001,Designer,Toronto,Finance
U0045,Alex Wilson,C0096,HR Specialist,Chicago,Finance
U0046,Emily Davis,C0013,Sales Manager,Los Angeles,Education
U0047,Jordan Miller,C0027,Data Scientist,Chicago,Technology
U0048,Pat Miller,C0043,Designer,Seattle,Finance
U0049,Jordan Jones,C0020,HR Specialist,Vancouver,Healthcare
U0050,Chris Johnson,C0056,Designer,Toronto,Retail
U0051,Morgan Johnson,C0025,Designer,San Francisco,Technology
U0052,Morgan Wilson,C0014,Sales Manager,Seattle,Retail
U0053,Emily Davis,C0049,HR Specialist,Austin,Manufacturing
U0054,Emily Jones,C0055,Designer,San Francisco,Manufacturing
U0055,Emily Taylor,C0028,Designer,Chicago,Finance
U0056,Pat Smith,C0038,Software Engineer,Toronto,Finance
U0057,Alex Williams,C0078,HR Specialist,New York,Retail
U0058,Pat Johnson,C0032,Software Engineer,San Francisco,Retail
U0059,Alex Moore,C0030,Software Engineer,Austin,Retail
U0060,Jordan Miller,C0042,Designer,Seattle,Manufacturing
U0061,Casey Jones,C0043,Product Manager,New York,Technology
U0062,Alex Smith,C0068,Product Manager,Toronto,Retail
U0063,Pat Miller,C0021,Designer,Seattle,Healthcare
U0064,Pat Davis,C0057,Software Engineer,Toronto,Finance
U0065,Casey Miller,C0055,HR Specialist,Toronto,Manufacturing
U0066,Casey Wilson,C0049,Sales Manager,Los Angeles,Healthcare
U0067,John Taylor,C0027,Data Scientist,Chicago,Manufacturing
U0068,Alex Taylor,C0044,HR Specialist,Austin,Technology
U0069,Taylor Jones,C0008,Sales Manager,San Francisco,Technology
U0070,Pat Taylor,C0006,Data Scientist,Seattle,Education
U0071,Pat Williams,C0092,HR Specialist,Vancouver,Manufacturing
U0072,Chris Wilson,C0076,Product Manager,Los Angeles,Manufacturing
U0073,Taylor Davis,C0091,Data Scientist,Chicago,Manufacturing
U0074,Jordan Smith,C0025,HR Specialist,New York,Education
U0075,Morgan Miller,C0020,Software Engineer,Los Angeles,Retail
U0076,Morgan Smith,C0061,HR Specialist,Austin,Education
U0077,Jane Moore,C0033,Product Manager,Chicago,Healthcare
U0078,Casey Johnson,C0095,Data Scientist,Chicago,Education
U0079,Pat Taylor,C0060,HR Specialist,San Francisco,Finance
U0080,Casey Moore,C0062,Sales Manager,San Francisco,Manufacturing
U0081,Pat Williams,C0037,Product Manager,Austin,Education
U0082,Jane Wilson,C0025,Data Scientist,Vancouver,Education
U0083,Pat Moore,C0063,Product Manager,Chicago,Retail
U0084,Jordan Moore,C0065,Designer,Seattle,Manufacturing
U0085,Pat Miller,C0087,Product Manager,Seattle,Finance
U0086,Pat Davis,C0072,HR Specialist,New York,Healthcare
U0087,Taylor Miller,C0048,HR Specialist,San Francisco,Healthcare
U0088,Emily Smith,C0028,Product Manager,Toronto,Retail
U0089,John Miller,C0091,HR Specialist,San Francisco,Finance
U0090,Taylor Jones,C0071,Product Manager,Los Angeles,Finance
U0091,Emily Williams,C0029,Sales Manager,Chicago,Technology
U0092,Casey Jones,C0072,Product Manager,Seattle,Technology
U0093,Jordan Brown,C0057,Sales Manager,Austin,Healthcare
U0094,John Brown,C0014,HR Specialist,San Francisco,Technology
U0095,Jordan Davis,C0048,Designer,Toronto,Healthcare
U0096,Emily Williams,C0023,Designer,Toronto,Finance
U0097,Alex Jones,C0072,HR Specialist,Los Angeles,Technology
U0098,Morgan Williams,C0005,Software Engineer,Vancouver,Finance
U0099,John Davis,C0077,Designer,Vancouver,Retail
U0100,John Brown,C0082,Data Scientist,Toronto,Healthcare
U0101,Chris Miller,C0064,Software Engineer,Chicago,Healthcare
U0102,Chris Davis,C0003,Product Manager,Vancouver,Education
U0103,Alex Smith,C0024,Sales Manager,Austin,Finance
U0104,Pat Williams,C0035,Product Manager,Los Angeles,Healthcare
U0105,Emily Williams,C0097,Software Engineer,Toronto,Finance
U0106,John Smith,C0019,Software Engineer,Seattle,Retail
U0107,Jordan Taylor,C0089,Data Scientist,San Francisco,Healthcare
U0108,Casey Johnson,C0023,Data Scientist,New York,Education
U0109,Taylor Johnson,C0054,Product Manager,Toronto,Technology
U0110,Chris Moore,C0079,Designer,Vancouver,Manufacturing
U0111,Morgan Moore,C0015,Software Engineer,Toronto,Healthcare
U0112,Chris Taylor,C0072,Product Manager,Los Angeles,Healthcare
U0113,Taylor Wilson,C0063,Sales Manager,San Francisco,Technology
U0114,Emily Davis,C0049,Designer,Austin,Retail
U0115,Jordan Taylor,C0069,Designer,Seattle,Healthcare
U0116,Morgan Taylor,C0099,HR Specialist,Los Angeles,Technology
U0117,Casey Brown,C0024,HR Specialist,New York,Manufacturing
U0118,Taylor Brown,C0081,Sales Manager,Vancouver,Finance
U0119,Jordan Taylor,C0048,Product Manager,Toronto,Education
U0120,Taylor Moore,C0005,Product Manager,Vancouver,Technology
U0121,John Johnson,C0002,Software Engineer,Seattle,Finance
U0122,Pat Taylor,C0054,Software Engineer,Vancouver,Manufacturing
U0123,John Taylor,C0087,Software Engineer,Vancouver,Manufacturing
U0124,John Brown,C0091,HR Specialist,Chicago,Retail
U0125,Taylor Jones,C0053,Designer,New York,Retail
U0126,Pat Miller,C0055,Software Engineer,Los Angeles,Manufacturing
U0127,Taylor Moore,C0060,HR Specialist,Seattle,Technology
U0128,Jane Miller,C0044,Software Engineer,Toronto,Education
U0129,Alex Miller,C0083,Designer,Toronto,Manufacturing
U0130,Jane Williams,C0095,Data Scientist,New York,Healthcare
U0131,Morgan Jones,C0022,Sales Manager,Austin,Finance
U0132,Jane Miller,C0022,Product Manager,Los Angeles,Education
U0133,Casey Taylor,C0039,Sales Manager,Toronto,Technology
U0134,Chris Taylor,C0047,Sales Manager,Austin,Retail
U0135,Alex Miller,C0032,HR Specialist,San Francisco,Healthcare
U0136,Morgan Taylor,C0071,Sales Manager,Austin,Finance
U0137,Taylor Moore,C0063,Data Scientist,Toronto,Retail
U0138,Taylor Smith,C0064,Data Scientist,Chicago,Education
U0139,Emily Wilson,C0041,Software Engineer,Vancouver,Education
U0140,Morgan Brown,C0061,Sales Manager,New York,Technology
U0141,Taylor Moore,C0065,Software Engineer,Los Angeles,Healthcare
U0142,Jane Taylor,C0043,HR Specialist,New York,Healthcare
U0143,Alex Smith,C0015,Product Manager,San Francisco,Healthcare
U0144,Morgan Jones,C0010,HR Specialist,Toronto,Retail
U0145,Morgan Wilson,C0066,Designer,San Francisco,Education
U0146,Casey Wilson,C0023,HR Specialist,Vancouver,Education
U0147,Alex Wilson,C0097,Designer,Chicago,Education
U0148,Jane Wilson,C0092,Designer,San Francisco,Healthcare
U0149,Morgan Brown,C0051,Designer,Los Angeles,Healthcare
U0150,Jordan Davis,C0073,Data Scientist,San Francisco,Technology
U0151,Casey Miller,C0022,Software Engineer,Toronto,Healthcare
U0152,Chris Brown,C0037,Software Engineer,Vancouver,Finance
U0153,Morgan Wilson,C0036,Product Manager,Austin,Finance
U0154,Jane Taylor,C0080,Data Scientist,Chicago,Technology
U0155,Jane Williams,C0097,Data Scientist,Toronto,Retail
U0156,Casey Williams,C0085,Data Scientist,Chicago,Healthcare
U0157,Pat Jones,C0068,Designer,Seattle,Education
U0158,Emily Jones,C0064,Sales Manager,Seattle,Technology
U0159,John Miller,C0039,Product Manager,Austin,Retail
U0160,Taylor Brown,C0047,Product Manager,Toronto,Technology
U0161,Casey Williams,C0029,Software Engineer,Toronto,Finance
U0162,John Johnson,C0008,Product Manager,Los Angeles,Education
U0163,Jordan Miller,C0081,Product Manager,Toronto,Retail
U0164,Jane Brown,C0074,HR Specialist,Los Angeles,Technology
U0165,Emily Jones,C0066,Data Scientist,San Francisco,Technology
U0166,Taylor Jones,C0042,Product Manager,Los Angeles,Manufacturing
U0167,Alex Brown,C0070,Sales Manager,San Francisco,Manufacturing
U0168,Morgan Moore,C0048,Software Engineer,New York,Finance
U0169,Emily Brown,C0088,Designer,New York,Healthcare
U0170,Pat Moore,C0056,HR Specialist,San Francisco,Healthcare
U0171,Taylor Johnson,C0094,Data Scientist,Los Angeles,Healthcare
U0172,John Brown,C0094,Designer,Toronto,Manufacturing
U0173,John Brown,C0014,HR Specialist,Seattle,Technology
U0174,Casey Brown,C0083,Sales Manager,San Francisco,Technology
U0175,John Moore,C0025,Data Scientist,New York,Retail
U0176,Chris Wilson,C0027,Sales Manager,Los Angeles,Finance
U0177,Jordan Jones,C0096,Data Scientist,New York,Technology
U0178,Jane Moore,C0030,Product Manager,Vancouver,Finance
U0179,Alex Smith,C0033,Product Manager,Austin,Manufacturing
U0180,Emily Wilson,C0074,Product Manager,Los Angeles,Manufacturing
U0181,Emily Jones,C0048,Designer,New York,Education
U0182,Alex Jones,C0038,Sales Manager,Toronto,Finance
U0183,Casey Johnson,C0088,Data Scientist,New York,Healthcare
U0184,Jane Taylor,C0097,Data Scientist,Los Angeles,Retail
U0185,Taylor Wilson,C0031,Product Manager,Chicago,Technology
U0186,John Moore,C0060,HR Specialist,Vancouver,Manufacturing
U0187,Casey Brown,C0081,Software Engineer,San Francisco,Finance
U0188,Emily Wilson,C0095,Sales Manager,Austin,Retail
U0189,Casey Taylor,C0074,HR Specialist,Austin,Retail
U0190,Jordan Wilson,C0050,Sales Manager,Los Angeles,Education
U0191,Emily Johnson,C0005,Sales Manager,San Francisco,Retail
U0192,John Jones,C0052,Product Manager,Austin,Manufacturing
U0193,Taylor Johnson,C0067,HR Specialist,Los Angeles,Retail
U0194,Taylor Miller,C0081,HR Specialist,New York,Retail
U0195,Taylor Jones,C0032,Product Manager,Chicago,Education
U0196,Alex Johnson,C0075,Product Manager,Toronto,Technology
U0197,Casey Brown,C0022,HR Specialist,Chicago,Technology
U0198,Chris Brown,C0002,Product Manager,Chicago,Manufacturing
U0199,Morgan Brown,C0052,Data Scientist,Vancouver,Manufacturing
U0200,Alex Moore,C0018,Software Engineer,New York,Technology
U0201,Jordan Jones,C0007,HR Specialist,San Francisco,Technology
U0202,Taylor Williams,C0086,Product Manager,Vancouver,Manufacturing
U0203,Jordan Miller,C0081,Designer,Vancouver,Retail
U0204,Jane Wilson,C0023,Product Manager,San Francisco,Retail
U0205,Pat Williams,C0077,Sales Manager,Los Angeles,Healthcare
U0206,Emily Miller,C0084,Software Engineer,Toronto,Finance
U0207,Chris Williams,C0036,Sales Manager,Seattle,Education
U0208,John Brown,C0043,Software Engineer,Austin,Healthcare
U0209,Morgan Brown,C0087,HR Specialist,San Francisco,Healthcare
U0210,Emily Brown,C0073,Data Scientist,Vancouver,Manufacturing
U0211,Pat Wilson,C0047,Sales Manager,Toronto,Manufacturing
U0212,Jane Wilson,C0017,HR Specialist,San Francisco,Finance
U0213,Taylor Davis,C0006,Product Manager,Chicago,Education
U0214,Jordan Moore,C0070,Designer,Austin,Finance
U0215,Alex Brown,C0050,Data Scientist,Los Angeles,Education
U0216,Emily Williams,C0065,Sales Manager,San Francisco,Manufacturing
U0217,Chris Taylor,C0098,Designer,Los Angeles,Retail
U0218,Jordan Miller,C0024,Sales Manager,San Francisco,Finance
U0219,Alex Brown,C0037,Data Scientist,New York,Technology
U0220,Jane Taylor,C0098,Software Engineer,San Francisco,Manufacturing
U0221,Chris Jones,C0023,Sales Manager,Los Angeles,Technology
U0222,Emily Smith,C0015,HR Specialist,Los Angeles,Manufacturing
U0223,John Taylor,C0016,Data Scientist,Toronto,Technology
U0224,Morgan Williams,C0065,Designer,Toronto,Technology
U0225,John Taylor,C0045,HR Specialist,San Francisco,Retail
U0226,Emily Williams,C0047,Software Engineer,Austin,Manufacturing
U0227,Emily Wilson,C0100,Data Scientist,New York,Education
U0228,Pat Smith,C0049,Data Scientist,Toronto,Manufacturing
U0229,John Williams,C0066,Designer,Chicago,Finance
U0230,Morgan Brown,C0008,Designer,Toronto,Technology
U0231,Chris Taylor,C0021,Sales Manager,New York,Finance
U0232,Chris Williams,C0064,Sales Manager,Los Angeles,Retail
U0233,Taylor Davis,C0095,Product Manager,Seattle,Retail
U0234,Jordan Williams,C0006,Data Scientist,San Francisco,Technology
U0235,Pat Moore,C0095,Product Manager,Toronto,Technology
U0236,Chris Miller,C0067,Designer,Seattle,Technology
U0237,Alex Williams,C0028,Designer,San Francisco,Healthcare
U0238,John Davis,C0007,Designer,Austin,Retail
U0239,Alex Smith,C0003,HR Specialist,Chicago,Retail
U0240,Morgan Taylor,C0058,Designer,Austin,Retail
U0241,Alex Moore,C0022,Designer,Austin,Finance
U0242,Jordan Williams,C0031,HR Specialist,San Francisco,Healthcare
U0243,Jordan Smith,C0063,Sales Manager,Austin,Technology
U0244,John Smith,C0042,Data Scientist,Chicago,Healthcare
U0245,Casey Miller,C0067,Software Engineer,Los Angeles,Retail
U0246,John Smith,C0011,HR Specialist,Los Angeles,Manufacturing
U0247,John Jones,C0017,Software Engineer,Austin,Manufacturing
U0248,Casey Moore,C0061,Designer,Los Angeles,Healthcare
U0249,Jordan Taylor,C0082,Product Manager,Toronto,Technology
U0250,Emily Brown,C0090,Designer,Los Angeles,Healthcare
U0251,Chris Davis,C0091,Designer,Chicago,Education
U0252,Casey Jones,C0067,Product Manager,Toronto,Education
U0253,Jordan Davis,C0017,Product Manager,Seattle,Manufacturing
U0254,Jordan Johnson,C0022,Designer,Seattle,Healthcare
U0255,Morgan Brown,C0047,Sales Manager,Vancouver,Technology
U0256,Pat Moore,C0039,Product Manager,New York,Education
U0257,Morgan Brown,C0067,Data Scientist,New York,Healthcare
U0258,Alex Miller,C0001,Data Scientist,Chicago,Retail
U0259,Emily Miller,C0063,Designer,Toronto,Education
U0260,Emily Taylor,C0058,Sales Manager,Seattle,Healthcare
U0261,Casey Taylor,C0022,HR Specialist,New York,Finance
U0262,Casey Wilson,C0084,Designer,Toronto,Healthcare
U0263,Alex Johnson,C0081,Product Manager,Toronto,Finance
U0264,Pat Taylor,C0018,Data Scientist,Vancouver,Technology
U0265,John Smith,C0066,HR Specialist,Seattle,Retail
U0266,Morgan Jones,C0028,Product Manager,San Francisco,Technology
U0267,Jordan Davis,C0053,Data Scientist,Seattle,Finance
U0268,Pat Brown,C0052,Product Manager,Chicago,Manufacturing
U0269,Taylor Williams,C0051,Designer,Toronto,Healthcare
U0270,Emily Wilson,C0018,Software Engineer,Chicago,Education
U0271,Alex Wilson,C0003,Sales Manager,San Francisco,Technology
U0272,Chris Moore,C0009,HR Specialist,Austin,Manufacturing
U0273,Pat Smith,C0016,Designer,Seattle,Education
U0274,Jane Smith,C0015,HR Specialist,Vancouver,Technology
U0275,Alex Miller,C0005,Designer,Seattle,Retail
U0276,Jane Williams,C0045,HR Specialist,Austin,Education
U0277,Pat Jones,C0022,Designer,Vancouver,Manufacturing
U0278,Chris Davis,C0066,HR Specialist,Seattle,Retail
U0279,Pat Taylor,C0045,Designer,Austin,Education
U0280,Taylor Taylor,C0099,Data Scientist,New York,Technology
U0281,Taylor Taylor,C0088,Product Manager,Austin,Retail
U0282,Casey Miller,C0081,HR Specialist,Seattle,Manufacturing
U0283,Pat Smith,C0024,Designer,Los Angeles,Manufacturing
U0284,Jane Jones,C0003,Sales Manager,Toronto,Manufacturing
U0285,Taylor Williams,C0008,Data Scientist,San Francisco,Retail
U0286,Chris Smith,C0042,Product Manager,New York,Education
U0287,Pat Smith,C0061,Data Scientist,Austin,Healthcare
U0288,Jordan Smith,C0047,Designer,New York,Retail
U0289,Jane Moore,C0074,Designer,Seattle,Finance
U0290,Chris Davis,C0013,Software Engineer,Austin,Education
U0291,Taylor Miller,C0045,Software Engineer,Seattle,Manufacturing
U0292,Alex Johnson,C0093,Sales Manager,New York,Manufacturing
U0293,Chris Johnson,C0089,Sales Manager,Toronto,Manufacturing
U0294,Taylor Jones,C0009,Software Engineer,Vancouver,Manufacturing
U0295,Pat Smith,C0088,Sales Manager,Toronto,Technology
U0296,Jane Moore,C0041,Software Engineer,Vancouver,Healthcare
U0297,Alex Davis,C0071,Data Scientist,San Francisco,Manufacturing
U0298,Emily Johnson,C0029,Sales Manager,Vancouver,Manufacturing
U0299,Jane Smith,C0062,Data Scientist,Chicago,Finance
U0300,Pat Brown,C0053,Designer,Seattle,Technology
U0301,Chris Brown,C0078,Data Scientist,Los Angeles,Finance
U0302,Casey Miller,C0047,Product Manager,Toronto,Technology
U0303,Jordan Moore,C0094,Product Manager,Chicago,Manufacturing
U0304,Jordan Davis,C0070,Sales Manager,Vancouver,Retail
U0305,Morgan Moore,C0073,HR Specialist,Vancouver,Education
U0306,John Wilson,C0028,Software Engineer,San Francisco,Healthcare
U0307,John Johnson,C0087,Product Manager,Los Angeles,Manufacturing
U0308,Emily Moore,C0086,HR Specialist,Los Angeles,Education
U0309,Emily Davis,C0080,Designer,San Francisco,Technology
U0310,John Davis,C0072,HR Specialist,Vancouver,Retail
U0311,Jane Taylor,C0068,Data Scientist,Vancouver,Healthcare
U0312,Casey Smith,C0034,Product Manager,San Francisco,Finance
U0313,Jordan Jones,C0038,Software Engineer,New York,Finance
U0314,Taylor Smith,C0006,HR Specialist,Seattle,Finance
U0315,Chris Williams,C0024,Product Manager,Toronto,Retail
U0316,Jane Moore,C0082,Sales Manager,San Francisco,Retail
U0317,John Moore,C0097,Designer,Austin,Healthcare
U0318,Morgan Taylor,C0004,Data Scientist,Chicago,Technology
U0319,John Brown,C0093,Product Manager,San Francisco,Technology
U0320,John Davis,C0061,Data Scientist,Toronto,Healthcare
U0321,Jordan Moore,C0002,Software Engineer,Vancouver,Manufacturing
U0322,Alex Johnson,C0032,Software Engineer,San Francisco,Education
U0323,Emily Wilson,C0077,Designer,Chicago,Technology
U0324,Emily Davis,C0090,HR Specialist,Seattle,Finance
U0325,Emily Davis,C0065,Software Engineer,Toronto,Technology
U0326,Chris Davis,C0023,Designer,San Francisco,Technology
U0327,Pat Smith,C0087,Sales Manager,New York,Education
U0328,Jane Miller,C0060,Product Manager,Chicago,Healthcare
U0329,John Taylor,C0026,HR Specialist,Austin,Manufacturing
U0330,Chris Moore,C0069,Sales Manager,Seattle,Education
U0331,Emily Wilson,C0065,Data Scientist,New York,Manufacturing
U0332,Taylor Taylor,C0050,Product Manager,Chicago,Education
U0333,Alex Davis,C0086,Software Engineer,San Francisco,Finance
U0334,John Brown,C0008,Designer,Austin,Retail
U0335,Morgan Johnson,C0034,Software Engineer,San Francisco,Finance
U0336,Taylor Wilson,C0091,HR Specialist,Los Angeles,Finance
U0337,Taylor Miller,C0098,Software Engineer,Austin,Technology
U0338,Taylor Brown,C0073,Product Manager,Austin,Education
U0339,Taylor Wilson,C0073,Software Engineer,Seattle,Retail
U0340,Pat Smith,C0043,Product Manager,Austin,Healthcare
U0341,Morgan Brown,C0080,Product Manager,Chicago,Healthcare
U0342,Emily Williams,C0091,Sales Manager,Vancouver,Healthcare
U0343,John Brown,C0016,Designer,Austin,Technology
U0344,Jane Johnson,C0020,Sales Manager,Chicago,Retail
U0345,John Williams,C0009,Software Engineer,Los Angeles,Retail
U0346,Morgan Smith,C0084,Data Scientist,Seattle,Retail
U0347,Casey Moore,C0052,Sales Manager,San Francisco,Education
U0348,Taylor Davis,C0011,Product Manager,San Francisco,Education
U0349,Emily Smith,C0082,Product Manager,Austin,Education
U0350,Morgan Taylor,C0076,Sales Manager,Vancouver,Healthcare
U0351,Chris Brown,C0051,Data Scientist,Chicago,Technology
U0352,Jordan Johnson,C0003,Software Engineer,Toronto,Finance
U0353,Casey Johnson,C0020,Data Scientist,San Francisco,Manufacturing
U0354,Pat Smith,C0002,Sales Manager,San Francisco,Manufacturing
U0355,Chris Smith,C0033,Sales Manager,Seattle,Manufacturing
U0356,Casey Moore,C0068,Designer,Los Angeles,Retail
U0357,Jane Brown,C0012,Sales Manager,Toronto,Technology
U0358,John Wilson,C0035,Software Engineer,Austin,Education
U0359,Jane Jones,C0088,Software Engineer,Toronto,Retail
U0360,Jordan Miller,C0037,Designer,Seattle,Technology
U0361,Chris Davis,C0047,Software Engineer,Chicago,Manufacturing
U0362,Pat Smith,C0045,HR Specialist,Los Angeles,Technology
U0363,John Davis,C0097,Data Scientist,Austin,Retail
U0364,Alex Williams,C0030,Software Engineer,Los Angeles,Manufacturing
U0365,Jane Jones,C0092,Sales Manager,San Francisco,Manufacturing
U0366,Alex Johnson,C0062,Product Manager,San Francisco,Education
U0367,Taylor Davis,C0052,Sales Manager,New York,Manufacturing
U0368,Emily Davis,C0009,Product Manager,Chicago,Manufacturing
U0369,Morgan Jones,C0095,Designer,Chicago,Retail
U0370,Emily Moore,C0010,HR Specialist,Los Angeles,Finance
U0371,Chris Jones,C0044,Product Manager,San Francisco,Technology
U0372,Jordan Smith,C0040,HR Specialist,Austin,Manufacturing
U0373,Casey Miller,C0055,Data Scientist,San Francisco,Retail
U0374,Pat Miller,C0016,Data Scientist,San Francisco,Retail
U0375,Emily Johnson,C0034,Product Manager,Seattle,Manufacturing
U0376,Taylor Miller,C0034,Designer,Toronto,Technology
U0377,Pat Brown,C0008,Software Engineer,Vancouver,Manufacturing
U0378,Chris Williams,C0027,HR Specialist,San Francisco,Education
U0379,Pat Smith,C0062,Product Manager,Austin,Retail
U0380,John Brown,C0008,Software Engineer,Seattle,Manufacturing
U0381,Jordan Moore,C0070,HR Specialist,Seattle,Finance
U0382,Pat Jones,C0007,Data Scientist,Austin,Healthcare
U0383,Pat Moore,C0063,Data Scientist,San Francisco,Healthcare
U0384,Taylor Williams,C0080,Sales Manager,Vancouver,Technology
U0385,Taylor Smith,C0084,HR Specialist,Seattle,Healthcare
U0386,Emily Smith,C0097,Sales Manager,New York,Healthcare
U0387,Pat Jones,C0038,Sales Manager,Seattle,Manufacturing
U0388,Pat Moore,C0034,HR Specialist,New York,Technology
U0389,Emily Smith,C0054,Software Engineer,New York,Healthcare
U0390,Taylor Brown,C0059,HR Specialist,Chicago,Education
U0391,Chris Davis,C0053,Product Manager,Vancouver,Manufacturing
U0392,John Jones,C0063,Software Engineer,Austin,Healthcare
U0393,Emily Taylor,C0063,HR Specialist,Austin,Healthcare
U0394,Jane Smith,C0002,Data Scientist,Los Angeles,Education
U0395,Jordan Davis,C0028,Sales Manager,Los Angeles,Technology
U0396,Jane Taylor,C0086,Product Manager,Los Angeles,Retail
U0397,Alex Smith,C0037,Sales Manager,Vancouver,Technology
U0398,Emily Brown,C0083,Designer,Vancouver,Healthcare
U0399,Casey Moore,C0020,Product Manager,San Francisco,Manufacturing
U0400,Taylor Williams,C0026,Designer,Seattle,Manufacturing
U0401,Jane Miller,C0068,Sales Manager,San Francisco,Technology
U0402,Taylor Jones,C0037,Sales Manager,Chicago,Finance
U0403,Chris Davis,C0070,Sales Manager,Toronto,Retail
U0404,Chris Brown,C0013,Designer,San Francisco,Education
U0405,Emily Miller,C0027,HR Specialist,Seattle,Technology
U0406,John Moore,C0065,Designer,Seattle,Technology
U0407,Jordan Wilson,C0031,Sales Manager,New York,Education
U0408,Jane Brown,C0062,Product Manager,Los Angeles,Retail
U0409,Jane Smith,C0011,Software Engineer,San Francisco,Healthcare
U0410,Morgan Brown,C0017,Sales Manager,San Francisco,Technology
U0411,Emily Johnson,C0099,Product Manager,Toronto,Education
U0412,Casey Jones,C0070,Product Manager,San Francisco,Technology
U0413,Morgan Jones,C0026,Product Manager,Austin,Education
U0414,Chris Davis,C0088,Product Manager,Chicago,Healthcare
U0415,Casey Wilson,C0067,Product Manager,Toronto,Healthcare
U0416,Casey Jones,C0073,HR Specialist,Chicago,Technology
U0417,Alex Miller,C0053,Data Scientist,Austin,Manufacturing
U0418,Jane Williams,C0099,Sales Manager,Chicago,Finance
U0419,Morgan Smith,C0049,HR Specialist,San Francisco,Healthcare
U0420,Emily Johnson,C0046,Designer,Seattle,Technology
U0421,Chris Miller,C0048,Sales Manager,Toronto,Manufacturing
U0422,Chris Wilson,C0064,Software Engineer,New York,Finance
U0423,Emily Wilson,C0031,Product Manager,Vancouver,Healthcare
U0424,John Miller,C0006,Software Engineer,San Francisco,Finance
U0425,Alex Smith,C0033,Software Engineer,Vancouver,Finance
U0426,John Williams,C0074,Product Manager,San Francisco,Technology
U0427,Emily Davis,C0071,Designer,Chicago,Healthcare
U0428,Morgan Wilson,C0096,Software Engineer,San Francisco,Finance
U0429,John Wilson,C0085,Software Engineer,Austin,Technology
U0430,John Moore,C0081,Software Engineer,Los Angeles,Manufacturing
U0431,Emily Brown,C0064,Designer,New York,Healthcare
U0432,Chris Moore,C0057,HR Specialist,Vancouver,Healthcare
U0433,Alex Williams,C0002,Designer,Austin,Retail
U0434,Pat Johnson,C0096,Sales Manager,San Francisco,Education
U0435,Morgan Jones,C0015,HR Specialist,San Francisco,Finance
U0436,Chris Moore,C0075,Software Engineer,Seattle,Manufacturing
U0437,Casey Miller,C0010,Data Scientist,New York,Technology
U0438,John Moore,C0004,Sales Manager,Toronto,Manufacturing
U0439,Casey Miller,C0020,Product Manager,Toronto,Healthcare
U0440,Chris Brown,C0067,Software Engineer,Chicago,Manufacturing
U0441,Emily Williams,C0092,Designer,Toronto,Healthcare
U0442,Chris Johnson,C0063,Sales Manager,Austin,Education
U0443,Alex Smith,C0081,Product Manager,Chicago,Healthcare
U0444,Morgan Davis,C0073,Data Scientist,San Francisco,Education
U0445,John Miller,C0007,Designer,Seattle,Technology
U0446,Chris Miller,C0064,Designer,Austin,Finance
U0447,Chris Smith,C0078,Designer,Vancouver,Retail
U0448,Pat Taylor,C0019,Software Engineer,Austin,Finance
U0449,Emily Davis,C0075,Designer,Chicago,Education
U0450,Casey Taylor,C0074,Product Manager,Los Angeles,Manufacturing
U0451,Emily Davis,C0062,Data Scientist,Seattle,Retail
U0452,Casey Wilson,C0013,HR Specialist,Seattle,Retail
U0453,Alex Taylor,C0064,HR Specialist,Chicago,Manufacturing
U0454,Casey Williams,C0099,Product Manager,Seattle,Retail
U0455,Casey Williams,C0009,HR Specialist,San Francisco,Manufacturing
U0456,Alex Wilson,C0079,Data Scientist,Toronto,Technology
U0457,Jane Johnson,C0071,Designer,Austin,Healthcare
U0458,Alex Moore,C0021,Software Engineer,New York,Technology
U0459,Jane Wilson,C0078,Data Scientist,Vancouver,Education
U0460,Chris Johnson,C0051,Designer,Toronto,Healthcare
U0461,John Taylor,C0042,HR Specialist,New York,Manufacturing
U0462,Jordan Jones,C0038,Designer,Los Angeles,Manufacturing
U0463,Jane Taylor,C0057,HR Specialist,Toronto,Retail
U0464,Pat Taylor,C0041,Software Engineer,Vancouver,Retail
U0465,Morgan Miller,C0088,HR Specialist,New York,Manufacturing
U0466,Pat Jones,C0010,Product Manager,San Francisco,Finance
U0467,Pat Taylor,C0095,Data Scientist,Toronto,Retail
U0468,Chris Miller,C0072,HR Specialist,Austin,Retail
U0469,Alex Smith,C0011,HR Specialist,Seattle,Education
U0470,Emily Johnson,C0042,HR Specialist,New York,Technology
U0471,Alex Miller,C0018,Sales Manager,Vancouver,Healthcare
U0472,Jane Miller,C0008,Sales Manager,Seattle,Retail
U0473,Pat Davis,C0026,Data Scientist,Los Angeles,Finance
U0474,Jordan Taylor,C0085,Sales Manager,San Francisco,Education
U0475,John Wilson,C0037,Product Manager,Vancouver,Healthcare
U0476,Alex Taylor,C0089,Product Manager,Seattle,Finance
U0477,Pat Brown,C0040,Product Manager,Seattle,Finance
U0478,Pat Davis,C0087,Designer,New York,Retail
U0479,Morgan Taylor,C0032,HR Specialist,Toronto,Retail
U0480,Jane Williams,C0056,Data Scientist,San Francisco,Manufacturing
U0481,Jordan Davis,C0014,Product Manager,Seattle,Retail
U0482,Taylor Williams,C0056,Sales Manager,New York,Technology
U0483,Casey Miller,C0046,HR Specialist,Vancouver,Manufacturing
U0484,Pat Davis,C0097,Software Engineer,Vancouver,Manufacturing
U0485,Chris Davis,C0004,HR Specialist,Chicago,Healthcare
U0486,Chris Johnson,C0018,Software Engineer,Austin,Technology
U0487,Alex Brown,C0093,Data Scientist,Vancouver,Finance
U0488,Taylor Moore,C0041,Product Manager,Chicago,Manufacturing
U0489,John Brown,C0015,Data Scientist,Toronto,Education
U0490,Jane Miller,C0029,Data Scientist,San Francisco,Retail
U0491,John Smith,C0060,Software Engineer,Los Angeles,Retail
U0492,Alex Davis,C0041,Sales Manager,San Francisco,Manufacturing
U0493,Jane Miller,C0019,Sales Manager,San Francisco,Retail
U0494,Casey Wilson,C0020,Designer,New York,Education
U0495,Pat Miller,C0043,Software Engineer,Los Angeles,Retail
U0496,Morgan Johnson,C0031,Software Engineer,San Francisco,Finance
U0497,Morgan Taylor,C0039,HR Specialist,Seattle,Education
U0498,Casey Miller,C0016,Sales Manager,Los Angeles,Healthcare
U0499,Chris Miller,C0039,Data Scientist,New York,Finance
U0500,Taylor Williams,C0080,Data Scientist,San Francisco,Manufacturing
U0501,Taylor Davis,C0029,Data Scientist,Seattle,Healthcare
U0502,Pat Brown,C0071,Software Engineer,Austin,Technology
U0503,Jordan Miller,C0046,Software Engineer,Los Angeles,Education
U0504,Alex Davis,C0009,Data Scientist,San Francisco,Retail
U0505,Jane Johnson,C0049,Data Scientist,Seattle,Manufacturing
U0506,Pat Wilson,C0070,Sales Manager,Los Angeles,Finance
U0507,Chris Davis,C0080,Product Manager,New York,Finance
U0508,John Davis,C0037,Sales Manager,Austin,Retail
U0509,Casey Brown,C0036,Designer,Chicago,Finance
U0510,Pat Moore,C0010,Sales Manager,San Francisco,Manufacturing
U0511,John Davis,C0051,Designer,Toronto,Finance
U0512,John Taylor,C0063,Sales Manager,Chicago,Technology
U0513,Alex Wilson,C0015,Product Manager,Seattle,Education
U0514,Taylor Wilson,C0044,Sales Manager,Austin,Finance
U0515,Alex Wilson,C0010,HR Specialist,San Francisco,Technology
U0516,Jordan Brown,C0067,Designer,Chicago,Technology
U0517,Alex Moore,C0031,Product Manager,New York,Technology
U0518,Jane Jones,C0017,Designer,San Francisco,Healthcare
U0519,John Taylor,C0045,Designer,Seattle,Finance
U0520,Pat Jones,C0074,HR Specialist,Seattle,Finance
U0521,Chris Taylor,C0037,Software Engineer,Toronto,Retail
U0522,Morgan Taylor,C0024,Product Manager,New York,Retail
U0523,John Moore,C0051,Designer,Vancouver,Healthcare
U0524,John Wilson,C0050,Designer,San Francisco,Healthcare
U0525,Morgan Jones,C0028,Software Engineer,Chicago,Technology
U0526,Chris Johnson,C0076,Designer,San Francisco,Education
U0527,John Johnson,C0013,Product Manager,Chicago,Finance
U0528,Morgan Miller,C0060,Sales Manager,San Francisco,Retail
U0529,Casey Wilson,C0064,Product Manager,New York,Finance
U0530,Pat Davis,C0010,HR Specialist,San Francisco,Manufacturing
U0531,Alex Moore,C0017,Designer,Los Angeles,Finance
U0532,Casey Moore,C0044,HR Specialist,Austin,Retail
U0533,Casey Wilson,C0003,HR Specialist,Toronto,Technology
U0534,Taylor Davis,C0035,Software Engineer,Austin,Retail
U0535,John Miller,C0034,HR Specialist,Vancouver,Healthcare
U0536,Emily Jones,C0023,Designer,Austin,Healthcare
U0537,Morgan Moore,C0088,Product Manager,Chicago,Technology
U0538,Morgan Brown,C0034,Designer,Seattle,Retail
U0539,Taylor Williams,C0095,Designer,Los Angeles,Healthcare
U0540,Emily Smith,C0021,Sales Manager,Toronto,Retail
U0541,Jane Jones,C0052,HR Specialist,Austin,Healthcare
U0542,John Moore,C0065,Designer,Toronto,Technology
U0543,Jane Wilson,C0019,Sales Manager,New York,Finance
U0544,Taylor Jones,C0003,Data Scientist,Vancouver,Retail
U0545,Jordan Wilson,C0099,HR Specialist,Los Angeles,Finance
U0546,Taylor Davis,C0097,Sales Manager,Seattle,Education
U0547,Jordan Smith,C0053,Data Scientist,Vancouver,Finance
U0548,John Williams,C0072,Sales Manager,Chicago,Manufacturing
U0549,Pat Williams,C0088,Designer,Austin,Manufacturing
U0550,Casey Moore,C0021,Sales Manager,New York,Healthcare
U0551,John Davis,C0044,Product Manager,Los Angeles,Education
U0552,Morgan Brown,C0074,Software Engineer,New York,Healthcare
U0553,Taylor Brown,C0046,Product Manager,Chicago,Retail
U0554,Alex Taylor,C0018,HR Specialist,Vancouver,Retail
U0555,Casey Jones,C0057,Data Scientist,Chicago,Technology
U0556,Casey Jones,C0025,Data Scientist,Austin,Finance
U0557,Emily Moore,C0093,Designer,Chicago,Healthcare
U0558,Taylor Taylor,C0069,Sales Manager,Los Angeles,Retail
U0559,Emily Williams,C0012,Data Scientist,Austin,Manufacturing
U0560,Emily Williams,C0028,Sales Manager,San Francisco,Retail
U0561,Emily Taylor,C0073,Software Engineer,New York,Education
U0562,Jordan Johnson,C0098,Software Engineer,Vancouver,Education
U0563,Casey Miller,C0088,Software Engineer,Los Angeles,Education
U0564,Emily Davis,C0090,Sales Manager,Austin,Finance
U0565,Morgan Davis,C0086,Software Engineer,Austin,Technology
U0566,Taylor Miller,C0061,Designer,New York,Healthcare
U0567,Pat Moore,C0027,Designer,Vancouver,Retail
U0568,Chris Williams,C0059,HR Specialist,Chicago,Retail
U0569,Emily Moore,C0022,Software Engineer,San Francisco,Retail
U0570,Jordan Williams,C0100,Designer,Austin,Education
U0571,John Jones,C0096,Sales Manager,Toronto,Healthcare
U0572,Jordan Jones,C0077,Designer,Toronto,Finance
U0573,Morgan Brown,C0024,Software Engineer,Los Angeles,Manufacturing
U0574,Alex Smith,C0093,Software Engineer,Toronto,Finance
U0575,Jordan Wilson,C0091,Software Engineer,Los Angeles,Technology
U0576,Taylor Johnson,C0077,HR Specialist,Seattle,Education
U0577,Alex Williams,C0047,HR Specialist,Toronto,Technology
U0578,Chris Wilson,C0031,Data Scientist,Toronto,Healthcare
U0579,Jordan Davis,C0016,HR Specialist,Chicago,Technology
U0580,Jane Smith,C0078,Data Scientist,Chicago,Education
U0581,Jordan Johnson,C0027,Data Scientist,Chicago,Finance
U0582,Chris Miller,C0092,HR Specialist,Chicago,Manufacturing
U0583,Casey Brown,C0065,Software Engineer,San Francisco,Finance
U0584,Alex Moore,C0057,Software Engineer,Seattle,Technology
U0585,Taylor Wilson,C0092,Designer,Toronto,Healthcare
U0586,John Taylor,C0061,HR Specialist,Toronto,Retail
U0587,Jordan Williams,C0043,HR Specialist,San Francisco,Manufacturing
U0588,Casey Wilson,C0076,HR Specialist,Los Angeles,Technology
U0589,Emily Johnson,C0061,Product Manager,Los Angeles,Technology
U0590,Jordan Wilson,C0026,Product Manager,San Francisco,Technology
U0591,John Brown,C0046,Data Scientist,Los Angeles,Finance
U0592,Jane Williams,C0008,Data Scientist,New York,Finance
U0593,Jane Taylor,C0081,Data Scientist,New York,Retail
U0594,John Miller,C0090,Designer,New York,Retail
U0595,Jane Wilson,C0023,HR Specialist,New York,Technology
U0596,Taylor Wilson,C0038,Product Manager,New York,Technology
U0597,Taylor Moore,C0025,Data Scientist,New York,Retail
U0598,Casey Moore,C0054,Product Manager,Los Angeles,Finance
U0599,Chris Johnson,C0034,Data Scientist,Vancouver,Education
U0600,Jordan Johnson,C0072,Sales Manager,New York,Technology
U0601,John Williams,C0057,Software Engineer,New York,Technology
U0602,Casey Williams,C0022,Designer,Austin,Retail
U0603,Chris Davis,C0058,HR Specialist,Vancouver,Education
U0604,Taylor Smith,C0002,Software Engineer,Chicago,Healthcare
U0605,Alex Smith,C0086,Data Scientist,San Francisco,Retail
U0606,Jane Smith,C0060,HR Specialist,New York,Manufacturing
U0607,Pat Taylor,C0050,Sales Manager,Seattle,Education
U0608,Casey Brown,C0042,Designer,Seattle,Technology
U0609,Jordan Smith,C0035,Data Scientist,Los Angeles,Technology
U0610,Jane Johnson,C0070,Sales Manager,Seattle,Manufacturing
U0611,Chris Smith,C0094,Sales Manager,Seattle,Healthcare
U0612,Alex Jones,C0022,Designer,Toronto,Manufacturing
U0613,Jordan Smith,C0043,Data Scientist,Toronto,Education
U0614,Jane Jones,C0055,Sales Manager,New York,Education
U0615,John Brown,C0037,HR Specialist,Chicago,Manufacturing
U0616,Alex Brown,C0029,HR Specialist,Toronto,Finance
U0617,John Jones,C0023,Product Manager,Toronto,Education
U0618,Alex Jones,C0031,HR Specialist,Austin,Education
U0619,Morgan Jones,C0068,Software Engineer,Los Angeles,Technology
U0620,Casey Williams,C0012,Sales Manager,New York,Healthcare
U0621,Jordan Jones,C0041,Software Engineer,New York,Retail
U0622,Casey Brown,C0070,Sales Manager,Vancouver,Healthcare
U0623,Taylor Brown,C0007,Software Engineer,Toronto,Technology
U0624,Alex Wilson,C0054,Sales Manager,Seattle,Finance
U0625,Morgan Wilson,C0008,Sales Manager,Toronto,Education
U0626,Taylor Brown,C0021,HR Specialist,Austin,Finance
U0627,Chris Jones,C0033,Designer,New York,Technology
U0628,Jane Wilson,C0037,Software Engineer,Vancouver,Finance
U0629,Alex Smith,C0060,Data Scientist,New York,Technology
U0630,Taylor Davis,C0089,Designer,Toronto,Manufacturing
U0631,Chris Moore,C0066,HR Specialist,San Francisco,Education
U0632,Pat Smith,C0006,Product Manager,San Francisco,Manufacturing
U0633,Jordan Johnson,C0059,Product Manager,Los Angeles,Manufacturing
U0634,Morgan Brown,C0070,Product Manager,Toronto,Manufacturing
U0635,Morgan Miller,C0006,Designer,San Francisco,Retail
U0636,John Wilson,C0074,Data Scientist,Vancouver,Manufacturing
U0637,Jordan Wilson,C0070,Data Scientist,San Francisco,Healthcare
U0638,Jane Jones,C0016,Sales Manager,San Francisco,Finance
U0639,Emily Williams,C0091,HR Specialist,Seattle,Technology
U0640,Emily Williams,C0044,Designer,Los Angeles,Manufacturing
U0641,Emily Johnson,C0017,Product Manager,Seattle,Education
U0642,Jordan Taylor,C0069,Designer,Austin,Finance
U0643,Casey Jones,C0067,Data Scientist,Toronto,Education
U0644,Taylor Jones,C0093,Software Engineer,San Francisco,Technology
U0645,Chris Miller,C0005,Software Engineer,Vancouver,Retail
U0646,Jordan Brown,C0038,Data Scientist,Los Angeles,Healthcare
U0647,Chris Johnson,C0030,Data Scientist,San Francisco,Healthcare
U0648,Alex Moore,C0053,Sales Manager,Austin,Healthcare
U0649,Jordan Moore,C0091,Designer,Seattle,Technology
U0650,Chris Williams,C0093,HR Specialist,Los Angeles,Healthcare
U0651,Taylor Johnson,C0057,HR Specialist,Chicago,Technology
U0652,Taylor Davis,C0037,Product Manager,Vancouver,Manufacturing
U0653,Pat Brown,C0032,Designer,San Francisco,Retail
U0654,Pat Davis,C0044,Data Scientist,Seattle,Manufacturing
U0655,Emily Jones,C0056,Designer,Austin,Retail
U0656,Jane Miller,C0029,Sales Manager,Vancouver,Education
U0657,Pat Brown,C0043,Sales Manager,San Francisco,Manufacturing
U0658,Jane Smith,C0015,Software Engineer,New York,Education
U0659,Taylor Moore,C0005,Software Engineer,Toronto,Manufacturing
U0660,Jane Johnson,C0082,Software Engineer,Toronto,Retail
U0661,Casey Smith,C0003,Data Scientist,Toronto,Retail
U0662,Pat Johnson,C0077,Designer,San Francisco,Technology
U0663,Jordan Moore,C0084,HR Specialist,Vancouver,Manufacturing
U0664,Alex Davis,C0028,Product Manager,Seattle,Technology
U0665,Casey Smith,C0094,Sales Manager,Austin,Education
U0666,Taylor Davis,C0021,Data Scientist,San Francisco,Technology
U0667,Chris Smith,C0023,Designer,New York,Retail
U0668,Alex Taylor,C0070,Data Scientist,San Francisco,Technology
U0669,Taylor Moore,C0059,Software Engineer,New York,Technology
U0670,Taylor Johnson,C0035,HR Specialist,Los Angeles,Manufacturing
U0671,John Jones,C0058,Data Scientist,Vancouver,Technology
U0672,Taylor Taylor,C0073,HR Specialist,Toronto,Technology
U0673,Emily Johnson,C0075,Data Scientist,Toronto,Healthcare
U0674,Morgan Miller,C0043,HR Specialist,Seattle,Technology
U0675,Chris Brown,C0008,Data Scientist,Chicago,Manufacturing
U0676,Chris Wilson,C0084,Software Engineer,Toronto,Manufacturing
U0677,Morgan Brown,C0007,Data Scientist,Seattle,Healthcare
U0678,John Wilson,C0059,Sales Manager,Vancouver,Manufacturing
U0679,Jordan Moore,C0060,Product Manager,Austin,Retail
U0680,Jane Moore,C0010,Sales Manager,New York,Finance
U0681,Alex Miller,C0092,HR Specialist,Austin,Technology
U0682,Jane Moore,C0010,HR Specialist,New York,Retail
U0683,Casey Williams,C0040,Sales Manager,Seattle,Education
U0684,Jordan Davis,C0091,Designer,Austin,Manufacturing
U0685,Casey Jones,C0064,Designer,Vancouver,Manufacturing
U0686,Emily Brown,C0012,Data Scientist,Toronto,Manufacturing
U0687,Morgan Brown,C0030,Software Engineer,Vancouver,Healthcare
U0688,Casey Smith,C0063,HR Specialist,Vancouver,Healthcare
U0689,Taylor Taylor,C0003,Product Manager,Chicago,Technology
U0690,Jordan Jones,C0064,Product Manager,Toronto,Education
U0691,Casey Jones,C0028,Software Engineer,Vancouver,Education
U0692,John Davis,C0035,Sales Manager,Chicago,Manufacturing
U0693,Morgan Jones,C0042,Product Manager,New York,Healthcare
U0694,Jane Brown,C0004,Data Scientist,New York,Finance
U0695,John Wilson,C0091,Designer,Seattle,Healthcare
U0696,Alex Taylor,C0083,Sales Manager,Chicago,Retail
U0697,Morgan Williams,C0053,Product Manager,Los Angeles,Education
U0698,Casey Miller,C0047,Data Scientist,Seattle,Healthcare
U0699,Emily Moore,C0069,HR Specialist,New York,Finance
U0700,Jane Miller,C0092,HR Specialist,Chicago,Education
U0701,Casey Moore,C0045,Product Manager,Toronto,Education
U0702,Jordan Wilson,C0062,Data Scientist,New York,Technology
U0703,Pat Miller,C0031,Designer,Austin,Finance
U0704,Morgan Jones,C0007,Software Engineer,San Francisco,Finance
U0705,Taylor Johnson,C0038,HR Specialist,San Francisco,Healthcare
U0706,Casey Jones,C0010,Sales Manager,Toronto,Manufacturing
U0707,Taylor Smith,C0083,Data Scientist,Los Angeles,Healthcare
U0708,Morgan Davis,C0062,Designer,San Francisco,Finance
U0709,Alex Jones,C0091,Data Scientist,Austin,Healthcare
U0710,Pat Brown,C0095,Product Manager,San Francisco,Manufacturing
U0711,Casey Brown,C0004,Designer,San Francisco,Healthcare
U0712,Jordan Smith,C0070,Product Manager,Seattle,Education
U0713,Pat Smith,C0055,Product Manager,Austin,Healthcare
U0714,Jordan Moore,C0059,Product Manager,Los Angeles,Education
U0715,Chris Miller,C0039,Sales Manager,Austin,Education
U0716,Emily Jones,C0014,Designer,Los Angeles,Retail
U0717,Pat Jones,C0001,Software Engineer,Los Angeles,Technology
U0718,Jane Johnson,C0013,Product Manager,Vancouver,Technology
U0719,Jane Taylor,C0084,Sales Manager,Austin,Retail
U0720,Jane Wilson,C0055,Product Manager,Vancouver,Healthcare
U0721,Casey Wilson,C0023,HR Specialist,Austin,Technology
U0722,Pat Taylor,C0010,Product Manager,Austin,Education
U0723,Chris Smith,C0051,Data Scientist,Toronto,Retail
U0724,Casey Johnson,C0017,Product Manager,San Francisco,Manufacturing
U0725,Jane Williams,C0017,Data Scientist,Chicago,Manufacturing
U0726,Chris Johnson,C0089,Sales Manager,Austin,Manufacturing
U0727,Emily Taylor,C0052,HR Specialist,Los Angeles,Healthcare
U0728,Jordan Miller,C0042,Designer,Austin,Technology
U0729,Casey Jones,C0057,Sales Manager,Chicago,Manufacturing
U0730,Emily Williams,C0089,Software Engineer,Toronto,Finance
U0731,John Miller,C0013,Sales Manager,Vancouver,Retail
U0732,Pat Williams,C0060,HR Specialist,Austin,Manufacturing
U0733,Alex Johnson,C0007,Software Engineer,Los Angeles,Education
U0734,Jane Moore,C0005,Product Manager,New York,Technology
U0735,Casey Miller,C0024,Data Scientist,Los Angeles,Healthcare
U0736,Emily Wilson,C0009,Sales Manager,Toronto,Finance
U0737,Taylor Jones,C0092,Designer,Chicago,Technology
U0738,Taylor Taylor,C0085,HR Specialist,Toronto,Healthcare
U0739,Pat Jones,C0038,Sales Manager,New York,Healthcare
U0740,Jane Taylor,C0001,Data Scientist,Toronto,Education
U0741,Jordan Smith,C0093,Sales Manager,Vancouver,Education
U0742,Pat Davis,C0009,Data Scientist,Los Angeles,Technology
U0743,Taylor Brown,C0012,Sales Manager,Chicago,Manufacturing
U0744,Casey Moore,C0062,Software Engineer,San Francisco,Healthcare
U0745,Chris Smith,C0059,HR Specialist,Vancouver,Technology
U0746,Jordan Jones,C0095,Product Manager,New York,Manufacturing
U0747,Jordan Johnson,C0062,HR Specialist,Seattle,Technology
U0748,Alex Williams,C0100,HR Specialist,Austin,Healthcare
U0749,Emily Davis,C0071,Designer,Los Angeles,Education
U0750,Jordan Johnson,C0050,HR Specialist,Toronto,Retail
U0751,Jane Taylor,C0075,Product Manager,Los Angeles,Finance
U0752,John Wilson,C0030,Data Scientist,Toronto,Retail
U0753,Pat Johnson,C0089,HR Specialist,Austin,Manufacturing
U0754,John Wilson,C0027,Designer,Los Angeles,Technology
U0755,Jane Miller,C0060,Software Engineer,San Francisco,Healthcare
U0756,Emily Jones,C0003,Sales Manager,New York,Finance
U0757,Casey Moore,C0089,Sales Manager,New York,Retail
U0758,Pat Moore,C0019,Designer,Vancouver,Finance
U0759,Jane Jones,C0079,Designer,Austin,Healthcare
U0760,Casey Moore,C0062,Designer,Los Angeles,Finance
U0761,Alex Taylor,C0016,Sales Manager,Seattle,Education
U0762,Chris Johnson,C0010,Designer,Seattle,Retail
U0763,Pat Johnson,C0075,Data Scientist,San Francisco,Manufacturing
U0764,Pat Williams,C0087,Data Scientist,Toronto,Technology
U0765,Jordan Miller,C0079,Data Scientist,New York,Education
U0766,Pat Wilson,C0026,HR Specialist,Seattle,Manufacturing
U0767,Pat Johnson,C0028,HR Specialist,Chicago,Healthcare
U0768,Jane Williams,C0072,HR Specialist,Chicago,Education
U0769,Emily Brown,C0090,Designer,Austin,Retail
U0770,Chris Smith,C0097,Data Scientist,Toronto,Education
U0771,Casey Johnson,C0062,Designer,Seattle,Technology
U0772,John Johnson,C0045,Data Scientist,New York,Manufacturing
U0773,Jane Williams,C0023,Data Scientist,Chicago,Finance
U0774,Jane Miller,C0016,Software Engineer,Los Angeles,Education
U0775,John Brown,C0071,Designer,New York,Technology
U0776,Alex Brown,C0085,Sales Manager,Seattle,Retail
U0777,Emily Jones,C0071,Designer,Los Angeles,Education
U0778,Pat Jones,C0025,Product Manager,New York,Manufacturing
U0779,Morgan Taylor,C0034,Product Manager,Toronto,Healthcare
U0780,Chris Johnson,C0017,Software Engineer,Seattle,Education
U0781,Morgan Miller,C0042,Designer,San Francisco,Retail
U0782,Chris Miller,C0054,Software Engineer,Los Angeles,Technology
U0783,Jane Smith,C0099,Product Manager,Chicago,Education
U0784,Alex Jones,C0017,Product Manager,Vancouver,Manufacturing
U0785,Casey Davis,C0026,Product Manager,Toronto,Manufacturing
U0786,Taylor Davis,C0012,Data Scientist,Los Angeles,Healthcare
U0787,Casey Miller,C0085,Sales Manager,Vancouver,Education
U0788,Jane Taylor,C0016,Software Engineer,Seattle,Retail
U0789,Jordan Miller,C0067,Product Manager,San Francisco,Finance
U0790,Chris Davis,C0050,Product Manager,Los Angeles,Finance
U0791,Morgan Brown,C0008,Software Engineer,Chicago,Healthcare
U0792,Taylor Jones,C0087,Designer,Chicago,Finance
U0793,Taylor Taylor,C0049,Product Manager,Chicago,Technology
U0794,Casey Wilson,C0069,Product Manager,Los Angeles,Manufacturing
U0795,Taylor Moore,C0068,Data Scientist,Vancouver,Retail
U0796,John Davis,C0084,Designer,Austin,Finance
U0797,Jane Davis,C0014,Sales Manager,Vancouver,Finance
U0798,John Johnson,C0015,Data Scientist,Vancouver,Education
U0799,Emily Smith,C0009,HR Specialist,New York,Healthcare
U0800,Pat Wilson,C0054,HR Specialist,Los Angeles,Education
U0801,Morgan Wilson,C0075,HR Specialist,Los Angeles,Manufacturing
U0802,Jane Wilson,C0021,Software Engineer,Seattle,Retail
U0803,Chris Taylor,C0047,HR Specialist,Chicago,Technology
U0804,Pat Wilson,C0057,Sales Manager,Austin,Retail
U0805,Jane Smith,C0040,Data Scientist,Seattle,Manufacturing
U0806,Morgan Williams,C0062,Sales Manager,Vancouver,Technology
U0807,Pat Smith,C0011,Product Manager,Austin,Technology
U0808,Jordan Miller,C0042,Data Scientist,Austin,Manufacturing
U0809,Morgan Williams,C0071,Software Engineer,Seattle,Manufacturing
U0810,John Williams,C0048,Sales Manager,Chicago,Manufacturing
U0811,Taylor Jones,C0021,Software Engineer,Chicago,Education
U0812,Jane Miller,C0092,Designer,Los Angeles,Healthcare
U0813,Casey Miller,C0002,Sales Manager,New York,Finance
U0814,Casey Davis,C0070,Data Scientist,Seattle,Retail
U0815,Jane Johnson,C0097,Sales Manager,Vancouver,Technology
U0816,Jordan Johnson,C0022,Designer,Seattle,Education
U0817,Taylor Moore,C0057,HR Specialist,New York,Education
U0818,Casey Davis,C0046,Software Engineer,Seattle,Education
U0819,Morgan Wilson,C0039,Data Scientist,Los Angeles,Finance
U0820,Emily Smith,C0061,Product Manager,Los Angeles,Healthcare
U0821,Jane Davis,C0014,HR Specialist,Los Angeles,Education
U0822,John Taylor,C0043,Data Scientist,Chicago,Manufacturing
U0823,Jane Davis,C0032,Sales Manager,Austin,Manufacturing
U0824,Jane Taylor,C0073,Product Manager,Seattle,Healthcare
U0825,John Johnson,C0055,Data Scientist,Austin,Manufacturing
U0826,Chris Davis,C0003,Designer,Chicago,Education
U0827,Pat Williams,C0050,Product Manager,Chicago,Manufacturing
U0828,Taylor Moore,C0057,Product Manager,Vancouver,Healthcare
U0829,Taylor Wilson,C0077,Product Manager,New York,Finance
U0830,Chris Miller,C0010,Data Scientist,New York,Retail
U0831,Emily Taylor,C0094,HR Specialist,Los Angeles,Finance
U0832,Jordan Wilson,C0093,HR Specialist,Chicago,Education
U0833,Alex Taylor,C0084,Product Manager,New York,Manufacturing
U0834,Casey Davis,C0099,Sales Manager,Vancouver,Healthcare
U0835,Jane Jones,C0071,Sales Manager,Chicago,Finance
U0836,Chris Williams,C0067,Data Scientist,Toronto,Education
U0837,Taylor Brown,C0065,HR Specialist,Seattle,Education
U0838,Jane Johnson,C0018,Software Engineer,Vancouver,Finance
U0839,Jordan Brown,C0014,HR Specialist,Vancouver,Manufacturing
U0840,Jordan Williams,C0061,Product Manager,Austin,Technology
U0841,Morgan Miller,C0089,Sales Manager,Chicago,Education
U0842,Alex Moore,C0035,Product Manager,Seattle,Healthcare
U0843,Casey Miller,C0063,Software Engineer,New York,Retail
U0844,Casey Smith,C0049,Data Scientist,New York,Healthcare
U0845,Chris Wilson,C0060,Data Scientist,Chicago,Technology
U0846,Jane Jones,C0073,Designer,Chicago,Healthcare
U0847,John Brown,C0081,HR Specialist,Chicago,Finance
U0848,Morgan Brown,C0086,Data Scientist,Chicago,Education
U0849,John Moore,C0087,Designer,Vancouver,Finance
U0850,Jordan Wilson,C0080,Designer,Toronto,Education
